From,To
Ningbo Ghieta,Tenneco Plant US
Sansera Engineering,Tenneco Plant US
Suspa,Tenneco Plant US
Tenneco,Tenneco Plant US
HyperTech,Tenneco Plant US
Winning Industrial,Tenneco Plant US
Findpro,Tenneco Plant US
JELPC,Tenneco Plant US
Bosch,Tenneco Plant US
Jiakang Electronics,Tenneco Plant US
Pneukon Valves,Tenneco Plant US
NTGD Valve,Tenneco Plant US
Leser,Tenneco Plant US
Abilities India Pistons ,Tenneco Plant US
Shriram Pistons ,Tenneco Plant US
Ningbo Ghieta,Powersport India
Sansera Engineering,Powersport India
Suspa,Powersport India
Tenneco,Powersport India
HyperTech,Powersport India
Winning Industrial,Powersport India
Findpro,Powersport India
JELPC,Powersport India
Bosch,Powersport India
Jiakang Electronics,Powersport India
Pneukon Valves,Powersport India
NTGD Valve,Powersport India
Leser,Powersport India
Abilities India Pistons ,Powersport India
Shriram Pistons ,Powersport India
Ningbo Ghieta,Hitachi China
Sansera Engineering,Hitachi China
Suspa,Hitachi China
Tenneco,Hitachi China
HyperTech,Hitachi China
Winning Industrial,Hitachi China
Findpro,Hitachi China
JELPC,Hitachi China
Bosch,Hitachi China
Jiakang Electronics,Hitachi China
Pneukon Valves,Hitachi China
NTGD Valve,Hitachi China
Leser,Hitachi China
Abilities India Pistons ,Hitachi China
Shriram Pistons ,Hitachi China
Supplier 22,Bosch India
Supplier 23,Bosch India
Supplier 24,Bosch India
Supplier 22,Continental India
Supplier 23,Continental India
Supplier 24,Continental India
Supplier 22,Honda Japan
Supplier 23,Honda Japan
Supplier 24,Honda Japan
Supplier 22,BWI Czech
Supplier 23,BWI Czech
Supplier 24,BWI Czech
Supplier 22,ZF TRW Brazil
Supplier 23,ZF TRW Brazil
Supplier 24,ZF TRW Brazil
ArcelorMittal,Ningbo Ghieta
TataSteel,Ningbo Ghieta
ArcelorMittal,Sansera Engineering
TataSteel,Sansera Engineering
ArcelorMittal,Suspa
TataSteel,Suspa
ArcelorMittal,Tenneco
TataSteel,Tenneco
New Valve Technologies - Tenneco,Tenneco
EKK Eagle Industries,Tenneco
Eagle Industries Co,Tenneco
MM Hydro Pneumatics,Tenneco
Bosch,Tenneco
Jiakang Electronics,Tenneco
New Valve Technologies - Tenneco,HyperTech
EKK Eagle Industries,HyperTech
Eagle Industries Co,HyperTech
MM Hydro Pneumatics,HyperTech
Bosch,HyperTech
Jiakang Electronics,HyperTech
New Valve Technologies - Tenneco,Winning Industrial
EKK Eagle Industries,Winning Industrial
Eagle Industries Co,Winning Industrial
MM Hydro Pneumatics,Winning Industrial
Bosch,Winning Industrial
Jiakang Electronics,Winning Industrial
New Valve Technologies - Tenneco,Findpro
EKK Eagle Industries,Findpro
Eagle Industries Co,Findpro
MM Hydro Pneumatics,Findpro
Bosch,Findpro
Jiakang Electronics,Findpro
Supplier 12_1,Supplier 22
Supplier 13_1,Supplier 22
Supplier 14_1,Supplier 22
Supplier 15_1,Supplier 22
Supplier 16_1,Supplier 22
Supplier 17_1,Supplier 23
Supplier 18_1,Supplier 23
Supplier 19_1,Supplier 23
Supplier 20_1,Supplier 23
Supplier 21_1,Supplier 23
Supplier 22_1,Supplier 24
Supplier 23_1,Supplier 25
Supplier 24_1,Supplier 26
Supplier 25_1,Supplier 27
Supplier 26_1,Supplier 28
