ID,PlantName,City,State,Country
5004,Kreiger Inc,SOLON,OH,US
5157,"Bogan, Hessel and Sipes",FREMONT,NH,US
5159,"Wilkinson, VonRueden and Howell",FORT SMITH,MT,US
5257,"Funk, Watsica and Dicki",CHICAGO,IL,US
5258,Steuber-Mayer,MEDFORD,SC,US
5259,Gibson LLC,LITTLE CHUTE,WI,US
5342,"Legros, Bernhard and Carter",Moss Landing,CA,US
5360,"Harvey, Quigley and Russel",TRENTON,NJ,US
5376,Brown-Tromp,MORTON,IL,US
5446,Marquardt Group,MOUNT STERLING,KY,US
5489,Stroman and Sons,CLEVELAND,NY,US
5520,Hand Inc,MODESTO,IL,US
5720,"Nolan, Lubowitz and Crist",Anderson,SC,US
5721,Heidenreich Inc,EAU CLAIRE,PA,US
5748,Ankunding-Macejkovic,BURLINGTON,MA,US
5753,"Bins, Walker and Dicki",DANVILLE,NH,US
5765,"Auer, Shields and Stroman",EAU CLAIRE,PA,US
5780,Conroy LLC,FREEHOLD,NJ,US
5878,Prohaska-Keebler,JONESBORO,AR,US
5880,"Prosacco, Roberts and Rolfson",WAVERLY,TN,US
5890,Hickle-Padberg,JACKSONVILLE,FL,US
5955,Luettgen-Bayer,GAFFNEY,SC,US
5959,"Johns, McCullough and Harvey",SPRINGVILLE,UT,US
