WH_ID,WH_Name,City,State,Country
99,Osinski Inc,Saint Louis,MI,US
136,Batz Lebsack and Ledner,New Milford,CT,US
137,Corkery-Hoeger,Saint Joseph,TN,US
138,Murazik-Rohan,Marysville,PA,US
139,Lubowitz LLC,Solon,ME,US
433,Durgan Homenick and Beatty,Dublin,NH,US
3259,Kuhlman LLC,Bakersfield,VT,US
3548,Wyman-Marks,Gray Summit,MO,US
4128,Langworth and Sons,Shepherdsville,KY,US
4129,Howe-Witting,Arlington,MA,US
4573,Wilkinson LLC,Florham Park,NJ,US
4725,Nader-Anderson,Fremont,NH,US
4726,Wintheiser-Strosin,Minnetonka,MN,US
5001,Oberbrunner LLC,Glendale,MA,US
5002,Tremblay-Ondricka,Solon,ME,US
5003,Runolfsson-Turcotte,Solon,ME,US
5007,Yost-Kertzmann,Eden Prairie,MN,US
5010,Klein Group,Romeoville,IL,US
5011,Klein Graham and Johnson,New Castle,NH,US
5015,Mills Nienow and Christiansen,Norwalk,CT,US
5016,Wyman Collier and Bahringer,Norwalk,CT,US
5017,Ruecker and Sons,Norwalk,CT,US
5024,Murphy Huel and Armstrong,Secaucus,NJ,US
5026,Davis Rau and Corkery,Laredo,MO,US
5028,Murray and Sons,Greeley,PA,US
5029,Flatley-Blanda,South Plainfield,NJ,US
5034,Hyatt Group,Madison,NH,US
5036,Towne-Mitchell,Atlanta,NY,US
5037,Lakin-Larkin,Dallas,PA,US
5038,Orn-Boyle,Hatfield,MA,US
5039,Ward-Mosciski,Indianapolis,IN,US
5040,Predovic-Hettinger,Louisville,GA,US
5041,Reinger LLC,Statesville,NC,US
5042,Rosenbaum-Moen,Jackson,NH,US
5043,Tillman Inc,Searcy,AR,US
5044,Bartoletti Inc,Dekalb,IL,US
5045,Bartell Orn and Kuhlman,Glendale,MA,US
5046,Ziemann-Lubowitz,Gaffney,SC,US
5048,Torphy and Sons,Fort Worth,TX,US
5055,Brekke Group,Clearfield,PA,US
5056,Kessler-Sauer,Riverside,RI,US
5061,Medhurst and Sons,Rocky Hill,CT,US
5062,Bogisich Schmidt and Osinski,Buffalo,NY,US
5063,Legros Group,Solon,ME,US
5064,Vandervort Weissnat and Simonis,Chambersburg,PA,US
5065,Thompson Group,Columbus,NJ,US
5066,Little Hessel and Jakubowski,Salt Lake City,UT,US
5067,Fadel-Sanford,Franklin,MA,US
5068,Volkman LLC,Kansas City,MO,US
5070,Lynch Inc,Springville,NY,US
5075,Friesen-Lowe,Columbus,NJ,US
5076,Hills Inc,Rougemont,NC,US
5077,Will Luettgen and Pacocha,Perryville,MD,US
5078,Baumbach-Schumm,Humboldt,TN,US
5079,Batz Metz and Reichert,Memphis,NY,US
5080,Jones-Murphy,Manchester,MA,US
5081,Rohan LLC,Jurupa Valley,CA,US
5082,Stroman-Dietrich,Mcdonough,GA,US
5083,Robel and Sons,Plainfield,MA,US
5084,Larkin-Kerluke,Chambersburg,PA,US
5085,Turcotte Feil and Bauch,Mcpherson,KS,US
5086,Daugherty Group,Mt. Sterling,KY,US
5087,Lueilwitz Armstrong and Lynch,Lexington,MA,US
5088,Deckow LLC,Vernon,VT,US
5089,Dibbert Bechtelar and Padberg,Elizabeth,NJ,US
5090,Bogan Harvey and Purdy,Solon,ME,US
5092,Harris Group,Baltimore,MD,US
5093,Boyle LLC,Fairfield,ME,US
5094,Tillman Jast and Considine,Brooklyn Park,MN,US
5095,Bahringer and Sons,Elgin,PA,US
5096,Howell Moore and Mayer,Saint Louis Park,MN,US
5097,Langworth Group,Murfreesboro,NC,US
5098,Johns and Sons,Rancho Cucamonga,CA,US
5099,Price and Sons,Chatsworth,NJ,US
5100,Kunze-Herman,Fort Worth,TX,US
5101,Quigley-Jacobi,Cedar City,UT,US
5103,Abernathy Inc,Mountain Home,NC,US
5106,Macejkovic LLC,Sharon,MA,US
5107,Schamberger Bradtke and Reynolds,Schaumburg,IL,US
5110,Lehner-Robel,Fort Wayne,IN,US
5111,Gerhold Group,Saint Petersburg,PA,US
5112,Herman-Hand,Chaska,MN,US
5113,Stiedemann LLC,Saint Charles,VA,US
5114,Abernathy-Klein,Portland,ME,US
5115,Goldner-Barton,Des Plaines,IL,US
5116,Stracke Blick and Dietrich,Moorestown,NJ,US
5117,Runte Group,Fairfield,ME,US
5118,Bartell-Murazik,Frederick,PA,US
5119,Schaefer Ankunding and Fritsch,San Antonio,PR,US
5121,Marks-Rohan,Arkansas,AK,US
5122,Runolfsson-Kuvalis,Minneapolis,NC,US
5123,Wilderman and Sons,Mount Sterling,KY,US
5124,Murray Davis and Rempel,Wenona,IL,US
5125,Frami-Hyatt,Florham Park,NJ,US
5126,Metz Inc,Toronto,OH,US
5127,Kris Bosco and Gleason,Strasburg,PA,US
5129,Boehm-Torphy,Lakeville,MA,US
5131,Cummerata-Thiel,Affton,MO,US
5132,Bradtke Group,Bryan,OH,US
5133,Leannon LLC,North Little Rock,AR,US
5136,Volkman-Purdy,Montreal,WI,US
5137,Hyatt Hahn and Wilderman,Milwaukee,WI,US
5144,Stracke-Hilpert,Saltillo,PA,US
5146,Reinger-Stamm,Sandusky,NY,US
5155,Fahey Boyer and Nikolaus,Cherry Hill,NJ,US
5156,Weissnat Pagac and Sipes,Mundelein,IL,US
5158,Weber-Emmerich,Reedsburg,WI,US
5160,Ruecker Swaniawski and Reichert,Fort Smith,MT,US
5161,Haley-Batz,Fremont,NH,US
5162,Halvorson Bechtelar and Kuhlman,Muskegon,MI,US
5163,O'Kon Hayes and Quigley,Van Buren,ME,US
5164,Kihn Robel and Torphy,Lockbourne,OH,US
5165,Bechtelar Murazik and Toy,Riverside,RI,US
5166,Leuschke Bashirian and Collins,Brockville,ON,CA
5167,Heathcote-Wilkinson,Sunman,IN,US
5168,Nader Group,Elk Grove Village,IL,US
5169,Lesch Labadie and Emard,Addison,ME,US
5170,Leffler-Ernser,Mcdonough,GA,US
5171,Corkery-Reichert,Jonesboro,AR,US
5172,Zboncak and Sons,Fort Smith,MT,US
5173,Rippin LLC,Lyndhurst,NJ,US
5174,Watsica-Johnston,Pontiac,MI,US
5175,Borer and Sons,Haverhill,MA,US
5176,Effertz-Bednar,Manteno,IL,US
5177,Kohler Heller and Crist,Port Everglades,FL,US
5178,Lang Murray and Reynolds,West Sacramento,CA,US
5179,Rogahn Inc,Long Island,ME,US
5180,Schmitt and Sons,Gonzalez,FL,US
5181,Wintheiser-Blanda,Dublin,NH,US
5182,Hessel Gutkowski and Schaefer,Marlton,NJ,US
5183,Carroll Howell and Dibbert,Evansville,IN,US
5184,Kassulke-Roberts,Omak,WA,US
5185,Zboncak Lakin and Shields,Cincinnati,OH,US
5186,Hyatt Swift and Adams,Summerland,CA,US
5187,Leffler Group,Warsaw,NY,US
5188,Murphy-Kozey,Solon,ME,US
5189,Goodwin-Jenkins,Elmhurst,NY,US
5190,Goldner Champlin and King,Germantown,NY,US
5191,Hermiston Brakus and Schuppe,Richmond Hill,NY,US
5192,Considine-Wiza,Austin,PA,US
5193,Stark Smith and Wehner,Londonderry,NH,US
5194,Swaniawski Inc,West Haven,CT,US
5195,Metz-Hilll,Brampton,ON,CA
5196,Morar-Jaskolski,West Chicago,IL,US
5197,Jerde LLC,Denver,NY,US
5198,Greenholt Welch and Wyman,Indianapolis,IN,US
5199,Ryan Boehm and Kshlerin,Mountville,PA,US
5200,Toy-Pollich,Everett,MA,US
5201,Boyle Bogisich and Kutch,Philadelphia,NY,US
5202,Yundt and Sons,Fremont,NH,US
5203,Hammes Group,Mira Loma,CA,US
5204,Weber Emard and Berge,Live Oak,FL,US
5205,Reichel Marquardt and Dietrich,Chicago,IL,US
5206,Streich Renner and Fahey,Newport News,VA,US
5207,Reichert Okuneva and Jerde,Dallas,PA,US
5208,Stiedemann-Gerhold,Saint Louis,MI,US
5209,McClure-Prohaska,Phoenix,NY,US
5210,Lebsack-Borer,Erlanger,KY,US
5211,Lebsack and Sons,Itasca,IL,US
5212,Reinger Rohan and Connelly,Batesville,VA,US
5213,Hettinger Wolf and Auer,Ontario,NY,US
5214,Jakubowski Group,Fairport,NY,US
5215,Sanford-Cruickshank,Galesburg,MI,US
5216,McDermott-Cormier,San Leandro,CA,US
5218,Fahey Ruecker and Waelchi,Allentown,NJ,US
5219,Runolfsdottir-Hoppe,Elk Grove Village,IL,US
5220,Cassin-Pfannerstill,Plant City,FL,US
5221,Schaefer-Abbott,Vineland,NJ,US
5222,Koch LLC,Salt Lake City,UT,US
5223,Wiza Anderson and Robel,Fort Gibson,OK,US
5224,Feil Inc,Penn Yan,NY,US
5225,Grant Morissette and Torp,Montgomery,VT,US
5226,Stanton-Lowe,Indianapolis,IN,US
5227,Bartell-Abbott,Elgin,PA,US
5228,Kuhn-Watsica,Dallas,PA,US
5229,Turcotte Group,Des Plaines,IL,US
5231,Wilderman Price and Mueller,Jeffersonville,VT,US
5232,Sawayn Hauck and Raynor,Carol Stream,IL,US
5233,Schaden Quitzon and Bauch,Du Quoin,IL,US
5234,Williamson Group,Chicago,IL,US
5235,Rempel-Block,Azusa,CA,US
5236,Morissette LLC,Ontario,NY,US
5237,Renner-Considine,Denver,NY,US
5238,Brown-O'Kon,Charleroi,PA,US
5239,Koch Boyer and Weissnat,Ogden,IA,US
5240,Lind-Leuschke,West Memphis,AR,US
5241,Walter Group,Cleveland,NY,US
5242,Mosciski Hickle and Cassin,Reynoldsburg,OH,US
5243,Feil-Zieme,Vernon,VT,US
5244,Ullrich Russel and Bergnaum,North Sioux City,SD,US
5245,Nicolas Becker and Daniel,Aurora,ME,US
5246,Romaguera Okuneva and O'Keefe,Delphos,OH,US
5247,McKenzie-Schultz,Wheeling,WV,US
5248,Kuhic and Sons,Chicago,IL,US
5249,Windler LLC,East Syracuse,NY,US
5250,Dibbert-Goyette,Saint Charles,VA,US
5251,Steuber Heidenreich and Kuhlman,Kearny,NJ,US
5252,Turcotte Inc,Louisville,GA,US
5253,Jacobson Bergnaum and Koss,Salt Lake City,UT,US
5254,Beatty-Purdy,Ravenna,KY,US
5255,Streich and Sons,Momence,IL,US
5256,Conn-Koch,Geneva,NY,US
5260,Dare-Pouros,Milwaukee,WI,US
5261,Ledner-Crooks,Westfield,MA,US
5262,Pfeffer and Sons,Charlotte,VT,US
5263,Sauer-Hudson,Chicago,IL,US
5264,Williamson-Heathcote,Medford,SC,US
5265,Kilback Group,Little Chute,WI,US
5266,Prohaska-Parker,Darienl,CT,US
5267,Heidenreich Inc,Lenexa,KS,US
5268,Wyman Group,Oconomowoc,WI,US
5269,Hoppe Group,Saint Charles,VA,US
5270,Leannon Kihn and Kovacek,Riverside,RI,US
5271,Witting Inc,Houston,PA,US
5272,Smith Murazik and Marquardt,Englewood,NJ,US
5273,Hane-Mante,Gurnee,IL,US
5274,Kub-Schimmel,Sidney,NY,US
5275,Cruickshank-Feest,Sunnyvale,TX,US
5276,Huels-Hagenes,Chicago,IL,US
5277,Bailey Ondricka and Marvin,Dade City,FL,US
5278,Willms-Deckow,Thonotosassa,FL,US
5279,Stanton LLC,Allentown,NJ,US
5280,O'Connell Kiehn and Little,Tangent,OR,US
5281,Douglas-Williamson,Dekalb,IL,US
5283,Feeney Rowe and Kuvalis,Elizabeth,NJ,US
5284,Abbott-Reichel,Macedonia,OH,US
5285,Fadel Inc,Stevens Point,WI,US
5286,Wiza Gutmann and Harvey,Salt Lake City,UT,US
5287,Renner Botsford and Lockman,Taylors,SC,US
5288,Halvorson Group,Charlotte,VT,US
5289,Casper Quitzon and Connelly,Cleveland,NY,US
5290,Gaylord Group,Greenville,RI,US
5291,Dare and Sons,Independence,VA,US
5292,Wolf Gleichner and Collins,Streetsboro,OH,US
5293,Beer LLC,Schofield,WI,US
5294,Schuppe-Hyatt,Green Bay,VA,US
5295,Quigley-Klocko,West Chicago,IL,US
5296,Armstrong-Fisher,Stillwell,IL,US
5297,Kreiger Friesen and Smitham,Fort Smith,MT,US
5298,Labadie Group,Los Angeles,CA,US
5299,Hudson Inc,Bolingbrook,IL,US
5300,Morissette Reichert and Bailey,Nashville,NC,US
5301,Torphy Abshire and O'Connell,Mira Loma,CA,US
5302,Connelly and Sons,Hudson,MA,US
5303,Lowe-Littel,Sparta,NJ,US
5307,Boehm Bogan and Pfeffer,Poplarville,MS,US
5308,Bogisich-Labadie,Miami,WV,US
5309,O'Hara-Little,Blaine,ME,US
5310,Senger Inc,Vineland,NJ,US
5311,Harris-Jakubowski,Vernon,VT,US
5312,Kshlerin-Keebler,Saint Augustin-De,QC,CA
5313,O'Kon-Hyatt,Houston,PA,US
5314,Schumm Bednar and Blanda,Milpitas,CA,US
5315,Deckow-Wehner,Itasca,IL,US
5316,Ward LLC,Ontario,NY,US
5318,Emmerich Rice and Ledner,Batavia,NY,US
5321,Orn-Schuppe,Glendale,MA,US
5327,Stokes Herzog and Nienow,Dallas,PA,US
5328,Rogahn-Bruen,Brooklyn Park,MN,US
5329,Watsica and Sons,Orlando,WV,US
5331,Metz Bernhard and Champlin,Hodgkins,IL,CA
5333,Bode Davis and Marks,Naperville,IL,US
5334,Deckow Emmerich and Gorczany,Foley,AL,US
5335,Ziemann Group,Lebanon,NH,US
5336,Morissette Bernhard and Mueller,Kitchener,ON,CA
5337,Witting and Sons,Elma,NY,US
5340,Veum-Botsford,Lebanon,NH,US
5341,Jacobs Dicki and Balistreri,Hodgkins,IL,CA
5343,Swift Casper and Simonis,Glendale,MA,US
5344,Murphy Toy and Kling,Glendale,MA,US
5345,Kihn Group,Winchester,MA,US
5346,Monahan Group,Santa Monica,CA,US
5347,Reichel-Jones,Walnut,MS,US
5348,Brekke and Sons,Glendale,MA,US
5349,Franecki-Langosh,Wharton,NJ,US
5350,Klein-Ferry,Stockton,NJ,US
5351,Runolfsson Inc,Taunton,MA,US
5352,Stroman Considine and Nikolaus,Avon,MA,US
5353,Moore Schiller and Hirthe,Vernon,VT,US
5354,Schaefer Stanton and Durgan,Bethlehem,NH,US
5355,Rowe Powlowski and Smith,Fort Worth,TX,US
5356,Smith-Casper,Aurora,ME,US
5357,Daugherty-Olson,Oakland,RI,US
5358,Wyman Inc,Glendale,MA,US
5359,Cremin Kub and Corwin,Allentown,NJ,US
5361,Ward-Vandervort,Fresno,OH,US
5362,Heidenreich Inc,Union City,NJ,US
5363,Bayer Inc,Chippewa Falls,WI,US
5364,Senger Gottlieb and Kreiger,Toledo,OH,US
5365,Breitenberg-Emmerich,Salt Lake City,UT,US
5366,Terry Group,Plover,IA,US
5367,Harvey Inc,Plover,IA,US
5368,Fisher-Schamberger,Ontario,NY,US
5369,Sauer Torp and Orn,Keasbey,NJ,US
5370,Dickinson-Ward,Lakewood,NJ,US
5371,Vandervort West and Kling,Houston,PA,US
5372,Lowe Larson and McKenzie,West Chester,PA,US
5373,Considine Inc,Glendale Heights,IL,US
5374,Collier Volkman and Bashirian,Denver,NY,US
5375,Grady Nicolas and Purdy,Carteret,NJ,US
5377,Boyle Hand and Medhurst,Lawrenceville,NY,US
5378,Gutmann Group,Reno,PA,US
5380,Schaden-Hills,Virginia Beach,VA,US
5381,Gleason-Jaskolski,Oakland,RI,US
5382,Blick LLC,Springfield,MA,US
5383,Koelpin Dach and Anderson,Carson,VA,US
5384,Kreiger Corkery and Casper,Elizabeth,NJ,US
5385,Von Pacocha and Macejkovic,Dekalb,IL,US
5386,Davis-Padberg,Fond Du Lac,WI,US
5387,Fadel-McLaughlin,Medley,FL,US
5388,Koelpin-Kuphal,Seattle,WA,US
5389,Kertzmann-Abbott,Faribault,MN,US
5390,Monahan Shields and Weissnat,Pendleton,NC,US
5391,Johns-Ebert,Louisville,GA,US
5392,Ullrich Weber and MacGyver,Carlstadt,NJ,US
5393,Klein LLC,Carlstadt,NJ,US
5394,Runolfsdottir Inc,Lebanon,NH,US
5395,Koepp Upton and D'Amore,Fort Worth,TX,US
5396,Hauck-Abernathy,Woodburn,KY,US
5397,Maggio Wintheiser and Zieme,Anderson,SC,US
5398,Kreiger-Gutmann,Glendale,MA,US
5399,Braun Ryan and Mohr,Glendale,MA,US
5400,Ortiz and Sons,Lincoln Park,NJ,US
5401,Reynolds Lindgren and Veum,Salt Lake City,UT,US
5402,Reilly Inc,Minnetonka,MN,US
5403,Halvorson Gaylord and Carter,Chicopee,MA,US
5404,West Runolfsson and Grimes,New Castle,NH,US
5405,Halvorson-Krajcik,Piedmont,WV,US
5406,Auer-Wehner,Oklahoma City,OK,US
5408,Cremin Boyer and Schmitt,Woodburn,KY,US
5409,Orn-Little,Tamarac,FL,US
5410,Mueller and Sons,Mcdonough,GA,US
5411,Bechtelar Funk and Wehner,Tamarac,FL,US
5412,Zieme Zemlak and Jast,Albuquerque,NM,US
5413,Thiel Tillman and Grady,Pomona,NJ,US
5414,O'Kon Pfeffer and Keeling,Philadelphia,NY,US
5415,Hilll-Douglas,Itasca,IL,US
5416,Balistreri LLC,Deland,FL,US
5417,Bechtelar-Kuhn,Labelle,FL,US
5418,Bailey Inc,Burlington,MA,US
5419,Bogisich-Heidenreich,Broken Arrow,OK,US
5420,Doyle-Ernser,Breinigsville,PA,US
5421,Yost-Wolff,Wheeling,WV,US
5422,Purdy Fisher and Rodriguez,Allentown,NJ,US
5423,Kunde Group,Modesto,IL,US
5424,Predovic Abernathy and Stokes,Glendale,MA,US
5425,Kirlin-Kunde,Glendale,MA,US
5426,Blick Zulauf and Rogahn,Denver,NY,US
5427,Ankunding Inc,Arlington,MA,US
5428,Hilll Graham and Gerhold,Auburn,MA,US
5429,Wunsch Group,Grapevine,AR,US
5430,Hyatt Brekke and Lebsack,North Aurora,IL,US
5431,Johnson and Sons,Houston,PA,US
5432,Stanton and Sons,Cambridge,MA,US
5433,Cremin Ferry and Torp,Bridgewater,MA,US
5434,Davis Inc,Arlington,MA,US
5435,Bruen Stroman and Corkery,Hobart,NY,US
5436,Wyman Blick and Kassulke,Bloomington,NY,US
5437,Schinner Inc,Brown Deer,WI,US
5438,Littel and Sons,Modesto,IL,US
5439,Watsica and Sons,Syracuse,NY,US
5440,Braun LLC,Brecksville,OH,US
5441,Reichel LLC,Manteca,CA,US
5442,DuBuque Group,Chatsworth,NJ,US
5443,Pouros-Hintz,Mount Sterling,KY,US
5444,Tromp Smith and Weissnat,Bolingbrook,IL,US
5445,Braun Keebler and Treutel,Chatsworth,NJ,US
5447,Bashirian Group,Fontana,WI,US
5448,Bailey-Rohan,Edison,NJ,US
5449,Rutherford Veum and Veum,Buffalo,NY,US
5450,Terry Breitenberg and Crooks,Revere,MA,US
5451,Lesch Vandervort and Harvey,Oswego,NY,US
5452,Nitzsche Group,El Paso,IL,US
5453,Schiller-Hagenes,Edison,NJ,US
5454,Renner Inc,Itasca,IL,US
5455,Nienow-Huels,Bloomington,NY,US
5456,Johnson LLC,Franklin Park,NJ,US
5457,Leuschke Boyle and Connelly,Burlington,MA,US
5458,Beatty-Jaskolski,Glendale,MA,US
5464,Champlin-Beier,Glendale,MA,US
5465,Haag Zboncak and Borer,Arlington      ,TX,US
5466,Treutel Ferry and Bahringer,Bensenville,IL,US
5467,Wiza Inc,Glendale,MA,US
5468,Cole-Langosh,Glendale,MA,US
5469,Stracke-Corwin,Taunton,MA,US
5470,Brekke-Mayert,Glendale,MA,US
5471,Bayer Walter and Sanford,Glendale,MA,US
5472,Crooks-Borer,Edmonton,KY,US
5473,Jaskolski Inc,Nuevo Laredo,TM,MX
5474,Konopelski O'Keefe and Ruecker,Portland,ME,US
5476,Bashirian Mills and Bednar,Bartlett,NH,US
5477,Smith Cartwright and Corwin,Gibsonia,PA,US
5478,Durgan Howe and Swift,Maumelle,AR,US
5479,Von Prosacco and Reynolds,Canton,MA,US
5480,Carter Group,Vineland,NJ,US
5481,Mohr and Sons,Woodburn,KY,US
5482,Beahan and Sons,Vineland,NJ,US
5483,Bechtelar-Satterfield,Appleton,NY,US
5484,Stoltenberg Inc,York,ME,US
5485,Cronin Spinka and Bechtelar,Kansas City,MO,US
5486,Toy Group,Mendota Heights,CA,US
5487,Fritsch Pagac and Nader,Bakersfield,VT,US
5488,Wuckert Mayert and Parisian,La Vergne,TN,US
5490,Kutch-Pagac,Fort Worth,TX,US
5491,Bailey and Sons,Tulare,SD,US
5492,Harris Hills and Toy,Fort Wayne,IN,US
5493,Beer Inc,Jessup,PA,US
5494,Jenkins Greenholt and Shanahan,Fort Wayne,IN,US
5495,Skiles Group,Knoxville,PA,US
5496,Hackett Inc,Saint Louis,MI,US
5497,Thiel and Sons,Portland,ME,US
5498,VonRueden Shanahan and Fay,Omaha,GA,US
5499,Kshlerin-Williamson,Tulare,SD,US
5500,Ferry Hayes and Nienow,Woodburn,KY,US
5501,Shields Ullrich and Wyman,Vernon,VT,US
5502,Runolfsson LLC,Penrith,NSW,AU
5503,Bogan Inc,Stevens Point,WI,US
5504,Armstrong Inc,San Lorenzo,PR,US
5505,Hane Tremblay and Satterfield,Taunton,MA,US
5506,Bahringer-Cartwright,Fort Smith,MT,US
5507,Bode-Cassin,Miami,WV,US
5508,Emmerich Weimann and Dietrich,Santa Ana,CA,US
5509,Dooley Bergnaum and Paucek,New Berlin,NY,US
5510,Zieme-Senger,Tinley Park,IL,US
5511,Goodwin Gottlieb and Schiller,Saint Louis,MI,US
5512,Crooks-Schroeder,Chambersburg,PA,US
5513,Mann Paucek and Ratke,Gaffney,SC,US
5514,Orn Inc,Appleton,NY,US
5515,Krajcik Towne and Marvin,Fremont,NH,US
5516,Morar LLC,Mt Sterling,KY,US
5517,Lang Windler and Reynolds,North Little Rock,AR,US
5518,Kuphal Group,Burlington,MA,US
5519,Brakus-Thompson,Fremont,NH,US
5522,Gaylord Olson and Klocko,Bartlett,NH,US
5523,Turner Abshire and VonRueden,Elk Grove Village,IL,US
5524,Witting-Gusikowski,Sulphur Springs,OH,US
5525,Braun-Boyer,Modesto,IL,US
5526,Christiansen Considine and Rempel,Indianapolis,IN,US
5527,Brekke Grimes and Walsh,Cuautitlán Izcalli,MX,MX
5528,Predovic Inc,Elk Grove Village,IL,US
5529,Morar Watsica and Conroy,Delta,PA,US
5530,Shields and Sons,Toronto,OH,US
5531,Feil LLC,Rochester,MA,US
5532,Koelpin and Sons,Broadview,MT,US
5533,Schmeler and Sons,Scarborough,ME,US
5534,Pfannerstill-Greenholt,Chicopee,MA,US
5538,Lang-Prohaska,Scarborough,ME,US
5539,Collier Wilderman and Okuneva,North Aurora,IL,US
5540,Will-Robel,Hamilton,MA,US
5541,Bechtelar-Wisozk,Glendale,MA,US
5542,Bechtelar Aufderhar and Mraz,Brantford,ON,CA
5543,Stracke Moen and Wilkinson,Seattle,WA,US
5544,Lynch-Welch,Bridgewater,MA,US
5545,Huel Bartoletti and Rogahn,Seattle,WA,US
5546,Howell-Howe,Sumner,ME,US
5547,Walker Wehner and Cruickshank,Northlake,NY,US
5548,Leuschke and Sons,Essex Junction,VT,US
5549,Strosin LLC,La Vergne,TN,US
5550,Ritchie-Effertz,Danville,NH,US
5551,Larson-Halvorson,Arlington,MA,US
5552,Bechtelar Rath and Johnston,Waipahu,HI,US
5553,Lehner-Daugherty,Sacramento,PA,US
5554,Larkin Inc,West Monroe,NY,US
5555,Little Towne and Luettgen,Bolingbrook,IL,US
5556,Reichert Robel and Ondricka,Cherry Hill,NJ,US
5557,Ferry LLC,Carson,VA,US
5558,Osinski-Schowalter,Carson,VA,US
5559,Schneider LLC,Williston,VT,US
5560,Champlin-Bartell,Bolingbrook,IL,US
5561,Keeling and Sons,Windsor,MA,US
5562,Strosin-Schmitt,Avenel,NJ,US
5564,Becker and Sons,Carson,VA,US
5565,Brakus Cummerata and Dicki,Kitchener,ON,CA
5566,Wunsch Gulgowski and Keeling,Kitchener,ON,CA
5567,Cronin and Sons,Bellmawr,NJ,US
5568,Huels Schumm and Spinka,Owen,WI,US
5569,Jacobson Stehr and Barton,Indianapolis,IN,US
5570,Schuppe Grimes and Mohr,Akron,NY,US
5571,Bergstrom Group,Logan,WV,US
5572,Hilpert-Collins,Santa Ana,CA,US
5573,Hammes-Hudson,Dayton,NJ,US
5574,Botsford-Gleichner,Agawam,MA,US
5575,Connelly Ortiz and Schumm,Oneida,NY,US
5576,Schulist McClure and Kub,Winchester,MA,US
5577,Beer and Sons,Joliet,MT,US
5578,Senger Senger and Murray,Bridgewater,MA,US
5579,Weber-Abbott,Edison,NJ,US
5580,Brekke-O'Connell,Northlake,NY,US
5581,Casper and Sons,Plainfield,MA,US
5582,Barrows-Bauch,Sparks,GA,US
5583,Nikolaus-McClure,Lebanon,NH,US
5584,Nicolas Kunde and Nader,Mt. Sterling,KY,US
5585,Jacobson-O'Keefe,Charlestown,MA,US
5586,Simonis and Sons,Mcdonough,GA,US
5592,Steuber and Sons,Savannah,NY,US
5593,Schoen Group,Skokie,IL,US
5594,Labadie Runte and Kassulke,San Antonio,PR,US
5600,Weissnat-Osinski,Allentown,NJ,US
5601,Kuhlman Rohan and Crona,Trenton,NJ,US
5602,O'Keefe Inc,Pleasant Prairie,WI,US
5603,Green-Bartell,Forest Grove,PA,US
5604,Ondricka Gerlach and Nikolaus,Arlington,MA,US
5605,Ernser-Legros,Cleveland,NY,US
5606,Bednar-Buckridge,Toronto,OH,US
5607,Powlowski-Braun,Tinley Park,IL,US
5608,Mann Group,Redlands,CA,US
5609,Luettgen Inc,Anaheim,CA,US
5610,Keeling-Friesen,Seattle,WA,US
5611,Kassulke Hills and Sawayn,Piscataway,NJ,US
5612,Hayes and Sons,Chula Vista,CA,US
5613,Ruecker-Gibson,Bolingbrook,IL,US
5614,Walker Legros and McCullough,Allentown,NJ,US
5616,Osinski and Sons,Goodyear,AZ,US
5617,Tillman-Zieme,Columbus,NJ,US
5618,Jacobs LLC,Guilford,ME,US
5619,Hauck Reilly and Goodwin,Little Chute,WI,US
5620,Weimann-Erdman,Mira Loma,CA,US
5621,Will-Daniel,Mcdonough,GA,US
5622,Blick-Weber,Grand Prairie,TX,US
5623,Monahan and Sons,Jonestown,PA,US
5624,Jerde and Sons,Fontana,WI,US
5625,Lehner Boyle and Keeling,Bolingbrook,IL,US
5626,McKenzie-Jacobson,Goodyear,AZ,US
5627,Paucek Mitchell and Christiansen,Williston,VT,US
5628,Wyman Torp and Davis,Jonestown,PA,US
5629,Schmitt and Sons,Grand Prairie,TX,US
5630,Gibson-Aufderhar,West Chester,PA,US
5631,Kirlin-Smitham,Ayer,MA,US
5632,Ondricka-Lindgren,Orlando,WV,US
5633,Hudson and Sons,Elkton,MD,US
5634,Lehner Inc,Seattle,WA,US
5635,Parker and Sons,Dundee,NY,US
5636,Mante Group,Breinigsville,PA,US
5637,Terry-Balistreri,York,ME,US
5638,Considine Pollich and Senger,Mooresville,NC,US
5639,Funk Larson and Daniel,Chillicothe,OH,US
5640,Medhurst and Sons,Joliet,MT,US
5641,Parker Kerluke and Lesch,North Aurora,IL,US
5642,Aufderhar Inc,Corona,NY,US
5643,Berge Bernhard and Windler,New Berlin,NY,US
5644,Wolf-Cartwright,New Britain,CT,US
5645,Wolf-Bednar,Warren,MA,US
5646,Rath-VonRueden,Knoxville,PA,US
5647,Gleason Jast and Crona,Moore,SC,US
5648,Parisian-Kuhn,Modesto,IL,US
5649,Jacobs Wunsch and Schmeler,Ridgeway,VA,US
5650,Murazik Schinner and Gibson,Aurora,ME,US
5651,Tromp LLC,Long Island City,NY,US
5652,Veum-Yost,Mira Loma,CA,US
5653,Muller Harber and Stokes,Fort Worth,TX,US
5654,Gottlieb LLC,Dublin,NH,US
5655,Schmeler and Sons,Batavia,NY,US
5656,Fritsch Group,Bloomington,NY,US
5658,Herman Koelpin and Tromp,Lanark,WV,US
5664,Greenfelder Waters and Nitzsche,Cranbury,NJ,US
5670,Gulgowski-Turner,Allentown,NJ,US
5687,Douglas Group,Jonesboro,AR,US
5689,Brown-Waters,Spanish Fork,UT,US
5690,Bins-Crooks,Murfreesboro,NC,US
5693,Sporer Luettgen and Connelly,Glendale,MA,US
5702,Gorczany Effertz and Mills,Streetsboro,OH,US
5705,Torphy-Turner,Solon,ME,US
5711,Schmidt and Sons,Ashton,MD,US
5716,Quigley Ankunding and Veum,Rochelle,VA,US
5719,Wisoky-Hoeger,West Reading,PA,US
5722,Glover Grimes and Ankunding,Anderson,SC,US
5723,Stark-Bartell,Bridgewater,MA,US
5724,Parker Beahan and Grant,Strasburg,PA,US
5725,Olson-Ondricka,Kentwood,LA,US
5727,Robel and Sons,Joplin,MT,US
5734,McKenzie-Heller,Boise,ID,US
5735,Von-Hauck,Dunmore,WV,US
5737,Blick-Spinka,Boise,ID,US
5740,Hartmann Schaden and Gorczany,Scarborough,ME,US
5741,Breitenberg Jerde and Becker,Berkeley,IL,US
5742,Nader and Sons,Romeoville,IL,US
5743,Shields-Treutel,Toronto,OH,US
5744,Stanton Hintz and Stark,Duncan,SC,US
5745,Stamm-Douglas,Chicago,IL,US
5746,Champlin Bednar and Hyatt,Cedar Falls,NC,US
5747,Cummerata Kohler and Grimes,Franklin Park,NJ,US
5749,Wilkinson Group,Greenwood,ME,US
5750,Kulas-Pollich,Stamford,VT,US
5751,Corwin Pacocha and Waters,Alburtis,PA,US
5752,Ullrich Leannon and Lakin,Joliet,MT,US
5754,Gibson Gerhold and Predovic,Bridgewater,MA,US
5755,Wisozk Vandervort and Pouros,Rancho Cucamonga,CA,US
5756,Crist-Turner,Toronto,OH,US
5757,Donnelly Group,Allentown,NJ,US
5758,Leuschke Ferry and Boyle,Santa Fe Springs,CA,US
5759,Hyatt Inc,Lakeland,GA,US
5760,Schumm-Medhurst,Ontario,NY,US
5761,Huel Lowe and Krajcik,Paris,ME,US
5762,Parisian Runolfsson and Adams,Tampa,FL,US
5763,Daugherty-Walker,Columbus,NJ,US
5764,Runolfsdottir-Schuppe,Marysville,PA,US
5766,McGlynn-Mann,Commack,NY,US
5767,Miller Lindgren and Wintheiser,West Chicago,IL,US
5768,Fisher Bergnaum and Walter,Rockaway Beach,MO,US
5769,Rosenbaum-Deckow,Bayonne,NJ,US
5770,Johnston Ruecker and Walker,Napoleon,OH,US
5771,Feest LLC,Nampa,ID,US
5772,Lynch Sipes and Beatty,Pittsburgh,PA,US
5773,Pouros-Ziemann,Eau Claire,PA,US
5774,O'Conner-Sanford,Indianapolis,IN,US
5781,Klocko Franecki and Crist,Racine,WV,US
5783,Bahringer Group,Hodgkins,IL,CA
5784,Dooley-Huel,Fort Gibson,OK,US
5785,Rau-Aufderhar,Elgin,PA,US
5786,Deckow-Schiller,Holly Ridge,NC,US
5787,Bayer-Harris,Bridgewater,MA,US
5788,Schoen and Sons,Quebec,QC,CA
5790,VonRueden-Walter,Merrillville ,IN,US
5791,Wehner Rodriguez and Mraz,Mccook,IL,US
5792,Heaney-King,Sheboygan,WI,US
5793,King-Cronin,Corona,NY,US
5794,Hills Jast and Thiel,Seminole,PA,US
5795,Gaylord Green and Murazik,Carol Stream,IL,US
5796,Spencer-Schneider,Chicago,IL,US
5797,Bechtelar and Sons,Brantford,ON,CA
5798,Hermiston-Bogisich,Northlake,NY,US
5799,Bode LLC,Plant City,FL,US
5801,Goyette Kub and Koepp,Oakland,RI,US
5802,Schuppe Inc,Bakersfield,VT,US
5803,Harris-Bashirian,Fort Wayne,IN,US
5804,Hermiston-Olson,Laurel,NY,US
5805,Green-Sauer,Salt Lake City,UT,US
5806,Lakin-Jenkins,Tulare,SD,US
5807,Price Jast and Koss,Bakersfield,VT,US
5808,Yundt Bernhard and Prosacco,Fort Wayne,IN,US
5809,MacGyver-Deckow,Laurel,NY,US
5810,Bartoletti Nienow and Lakin,Salt Lake City,UT,US
5811,Hermiston-Treutel,Tulare,SD,US
5812,Lowe-Walker,Manteca,CA,US
5813,Hackett Leffler and Wilkinson,Kent,CT,US
5814,Nicolas Inc,Phoenix,NY,US
5815,Corkery Greenholt and Langosh,Westfield,MA,US
5816,Leffler-Lynch,Anchorage,AK,US
5817,Block-Gutkowski,City Of Industry,CA,US
5818,Berge Pollich and Haley,Valmeyer,IL,US
5819,Bailey LLC,Mcdonough,GA,US
5820,Funk Inc,Houston,PA,US
5821,Ziemann Bailey and Mante,Denver,NY,US
5822,Purdy-Metz,Glendale Heights,IL,US
5823,Gerlach and Sons,Lawrenceville,NY,US
5824,Harber Inc,Weston,MA,US
5825,Hayes and Sons,Carteret,NJ,US
5826,Bednar-Runolfsdottir,Honolulu,HI,US
5827,Witting-Kemmer,Walnut Creek,OH,US
5828,Barton-Wiegand,Indianapolis,IN,US
5829,Bartoletti and Sons,Des Moines,IA,US
5830,McGlynn-Toy,Destrehan,LA,US
5831,Swift Group,Mississauga,ON,CA
5840,Bailey-Bailey,Geneva,NY,US
5841,Yundt-Dickens,Brampton,ON,CA
5843,Hauck-Kohler,Tacoma,WA,US
5847,Flatley Koch and Berge,Gaffney,SC,US
5858,Cremin Hane and Jacobson,Houston,PA,US
5859,Kozey Rau and Parker,Wharton,NJ,US
5860,Strosin-Cummerata,Columbus,NJ,US
5871,Mitchell-Feeney,Chicago,IL,US
5872,Cronin-Bernier,Eau Claire,PA,US
5873,Windler Roberts and Dickinson,Wauconda,IL,US
5876,Hane-Marks,Spokane,MO,US
5877,Mayert Group,Sherwood,MD,US
5881,Weissnat Braun and Windler,Saint Anne,IL,US
5883,Graham LLC,Tualatin,OR,US
5885,Keeling Group,Stockton,NJ,US
5886,Hoppe McKenzie and Carroll,Wauconda,IL,US
5891,Sawayn Skiles and Bins,Hazelwood,NC,US
5892,Feeney Christiansen and Ernser,Garland,ME,US
5893,Parisian-Pfannerstill,Batavia,NY,US
5894,Spinka LLC,Laporte,PA,US
5895,Herman-Leuschke,Medley,FL,US
5896,Ankunding Brakus and Powlowski,Fife,WA,US
5897,Kunze-Rowe,Reno,PA,US
5898,Sporer Erdman and Murazik,Duncan,SC,US
5899,Terry Haley and Nolan,Oakland,RI,US
5918,Langworth and Sons,Dekalb,IL,US
5950,Donnelly and Sons,Fontana,WI,US
5956,Cremin Fadel and Witting,Newcomerstown,OH,US
5957,Luettgen Inc,Glendale,MA,US
5972,Treutel Schuster and Schroeder,Thonotosassa,FL,US
5974,Mills and Sons,Northbrook,IL,US
5986,Pfannerstill Wehner and Murphy,Romeoville,IL,US
5987,Schmeler-Schaefer,Inglewood,CA,US
5988,Crooks-Lang,Hazelwood,NC,US
5989,Stanton Walsh and Cartwright,Garland,ME,US
5992,O'Kon-Franecki,Reno,PA,US
5993,Mann Swift and Collier,Franklin Park,NJ,US
5994,Swaniawski-Sanford,Kent,CT,US
5996,Parker Brekke and O'Connell,Laporte,PA,US
5997,Hermann Group,Fresno,OH,US
5998,Brown Beatty and Kuhn,Linden,NJ,US
6000,Feeney-Jast,Saint Louis,MI,US
7345,Graham Lockman and Johnson,Florham Park,NJ,US
7346,Konopelski-Ruecker,King Of Prussia,PA,US
7575,Watsica Jacobson and Braun,Glendale,MA,US
7576,Powlowski LLC,Solon,ME,US
7577,Feeney Group,Solon,ME,US
7578,Mohr Farrell and Bosco,Glendale,MA,US
7636,DuBuque West and Weissnat,Carlsbad,TX,US
7640,Veum-Prosacco,Florham Park,NJ,US
8888,Gorczany Group,Bridgewater,MA,US
A125,Green Inc,Glendale,MA,US
B459,Stracke LLC,Warren,MA,US
F097,Howell and Sons,Glendale,MA,US
F098,Grady Swaniawski and Bartoletti,Glendale,MA,US
F099,Hettinger-Quitzon,Glendale,MA,US
F100,Predovic and Sons,Glendale,MA,US
F101,Bode Willms and Labadie,Glendale,MA,US
F102,Beer Inc,Glendale,MA,US
F103,Mitchell LLC,Glendale,MA,US
F104,Heathcote Glover and Dickens,Glendale,MA,US
F105,Emard Inc,Glendale,MA,US
F106,Bernhard Nienow and Cole,Glendale,MA,US
F107,Bogan Swift and Christiansen,Glendale,MA,US
F108,Nader-O'Keefe,Glendale,MA,US
F109,Kulas-Gibson,Glendale,MA,US
F114,Vandervort-Funk,Glendale,MA,US
F115,Rohan Group,Glendale,MA,US
F116,Howell Conroy and Altenwerth,Glendale,MA,US
F117,Hyatt Inc,Glendale,MA,US
F118,Breitenberg-Howell,Glendale,MA,US
F119,Strosin LLC,Glendale,MA,US
F120,Olson-Frami,Glendale,MA,US
F121,Hettinger Thompson and Luettgen,Glendale,MA,US
F141,Berge LLC,Glendale,MA,US
F188,Nolan Bauch and Lebsack,Glendale,MA,US
F193,Kuhn Bailey and D'Amore,Glendale,MA,US
F194,Davis Rau and Murphy,Glendale,MA,US
F200,Ratke Group,Glendale,MA,US
F221,Murazik Hagenes and Lynch,Glendale,MA,US
F262,Osinski-Heidenreich,Glendale,MA,US
F265,Torp-Dickens,Glendale,MA,US
F310,Kreiger-Jones,Glendale,MA,US
F311,Hilll-Morar,Glendale,MA,US
F312,Haley LLC,Glendale,MA,US
F313,Gaylord-Conn,Greenwich,CT,US
F314,Bergnaum-Davis,Stamford,VT,US
F379,Goodwin-Torphy,Glendale,MA,US
F380,Glover Group,Glendale,MA,US
F381,Conn Jakubowski and Streich,Glendale,MA,US
F382,Von Group,Glendale,MA,US
F383,Spinka-Blanda,Glendale,MA,US
F538,Beatty Frami and Greenfelder,Arlington,MA,US
T192,DuBuque LLC,Glendale,MA,US
T193,Swaniawski-Bernier,Glendale,MA,US
T194,Smitham and Sons,Glendale,MA,US
T195,Windler Inc,Glendale,MA,US
T196,Connelly-Parisian,Glendale,MA,US
T404,Tillman-Goodwin,Trezzano Sul Naviglio,25,IT
T409,Schuppe-Satterfield,Granada,MN,US
U087,Fahey-Kuhic,Glendale,MA,US
U090,Pouros Schamberger and Bins,Glendale,MA,US
U091,Kulas Streich and Gulgowski,Glendale,MA,US
U092,Kuhic Beahan and Bernhard,Arlington,MA,US
U093,Lind Inc,Arlington,MA,US
U094,Schimmel Group,Glendale,MA,US
U095,Lueilwitz-Rempel,Glendale,MA,US
U096,Cassin Ernser and Medhurst,Glendale,MA,US
U097,Hoeger Group,Glendale,MA,US
U098,Mann-Rath,Glendale,MA,US
U099,Leuschke Murphy and Conn,Glendale,MA,US
U100,Bechtelar Deckow and Rau,Cedar Knolls,NJ,US
U101,Kulas Mertz and Mohr,Brooks,ME,US
U102,Abernathy Senger and Hansen,Rockford,AL,US
U103,Ortiz-Cronin,Clearwater,SC,US
U104,Pfannerstill-Leffler,Brisbane,CA,US
U106,Wiza-Hettinger,La Vergne,TN,US
U107,Feeney Inc,Clearwater,SC,US
U108,Barton-Shanahan,Brisbane,CA,US
U300,Nikolaus Johnston and Sipes,Westmount(Quebec),QC,CA